analytics_id,school_display_name,technical_provider_identifier_if_safe
"school_0001","Landesberufsschule für das Gastgewerbe Savoy","https://savoy.digitalesregister.it"
"school_0002","Kunstgymnasium und Landesberufsschule Cademia","https://cademia.digitalesregister.it"
"school_0003","Cusanus Gymnasium Bruneck","https://cusanus-gymnasium.digitalesregister.it"
"school_0004","FS Dietenheim","https://fs-dietenheim.digitalesregister.it"
"school_0005","FS Tisens","https://fstisens.digitalesregister.it"
"school_0006","Fachschule für Land- und Forstwirtschaft Fürstenburg Burgeis","https://fs-fuerstenburg.digitalesregister.it"
"school_0007","Fachschule für Hauswirtschaft und Ernährung Kortsch","https://fs-kortsch.digitalesregister.it"
"school_0008","Fachschule Laimburg","https://fslaimburg.digitalesregister.it"
"school_0009","Fachschule Neumarkt","https://fachschule-neumarkt.digitalesregister.it"
"school_0010","Oberschulen J. Ph. Fallmerayer","https://fallmerayer.digitalesregister.it"
"school_0011","Fachoberschule für Wirtschaft, Grafik und Kommunikation (TFO/WFO Brixen)","https://fo-brixen.digitalesregister.it"
"school_0012","FOS Meran","https://fos-meran.digitalesregister.it"
"school_0013","Franziskanergymnasium Bozen","https://franziskanergymnasium.digitalesregister.it"
"school_0014","Sozialwissenschaftliches Gymnasium Bruneck","https://sowikunstgym-bruneck.digitalesregister.it"
"school_0015","Gymnasien Meran","https://gymme.digitalesregister.it"
"school_0016","Gymnasium Walther von der Vogelweide Bozen","https://vogelweide.digitalesregister.it"
"school_0017","Sozialwissenschaftliches Gymnasium JOSEF GASSER Brixen","https://gymnasiumbrixen.digitalesregister.it"
"school_0018","Herzjesu Institut","https://herzjesu-institut.digitalesregister.it"
"school_0019","WFO Raetia St. Ulrich","https://ite-raetia.digitalesregister.it"
"school_0020","Landeshotelfachschule Kaiserhof Meran","https://kaiserhof.digitalesregister.it"
"school_0021","GSP Klausen 1","https://klausen1.digitalesregister.it"
"school_0022","GS Feldthurns","https://feldthurns.digitalesregister.it"
"school_0023","GSS Klausen","https://gssklausen2.digitalesregister.it"
"school_0024","Grundschule Kollmann","https://kollmann.digitalesregister.it"
"school_0025","GS Verdings","https://verdings.digitalesregister.it"
"school_0026","Villanders - Grundschulsprengel Klausen 2","https://villanders.digitalesregister.it"
"school_0027","GS Waidbruck","https://waidbruck.digitalesregister.it"
"school_0028","LBS Schlanders","https://lbs-schlanders.digitalesregister.it"
"school_0029","LBS Zuegg","https://lbszuegg.digitalesregister.it"
"school_0030","LHFS Bruneck","https://lhfsbruneck.digitalesregister.it"
"school_0031","Scores altes La Ila","https://scoresaltes.digitalesregister.it"
"school_0032","Mariengarten Zisterzienserinnen-KlosterInternatsschule","https://mariengarten.digitalesregister.it"
"school_0033","Maria Hueber Gymnasium","https://mhg.digitalesregister.it"
"school_0034","Mittelschule Klausen","https://ms-klausen.digitalesregister.it"
"school_0035","MS Neumarkt & Salurn (Noldin)","https://ms-neumarkt.digitalesregister.it"
"school_0036","Oberschulzentrum Sterzing","https://osz-sterzing.digitalesregister.it"
"school_0037","OFL Auer","https://oflauer.digitalesregister.it"
"school_0038","WFO Auer","https://wfoauer.digitalesregister.it"
"school_0039","Realgymnasium und Fachoberschule für Bauwesen „Peter Anich“ Bozen","https://rg-fob.digitalesregister.it"
"school_0040","RG/TFO Albert Einstein Meran","https://rgtfo-me.digitalesregister.it"
"school_0041","SSP Sarntal","https://ssp-sarntal.digitalesregister.it"
"school_0042","GS Kastelruth","https://gs-kastelruth.digitalesregister.it"
"school_0043","GS St. Michael","https://gs-michael.digitalesregister.it"
"school_0044","GS St. Oswald","https://gs-oswald.digitalesregister.it"
"school_0045","GS Seis","https://gs-seis.digitalesregister.it"
"school_0046","GS Völs","https://gs-voels.digitalesregister.it"
"school_0047","Mittelschule Schlern (Kastelruth)","https://sspschlern-ms.digitalesregister.it"
"school_0048","Grundschule Moos im Passeier","https://gs-moos.digitalesregister.it"
"school_0049","Grundschule Platt in Passeier","https://gs-platt.digitalesregister.it"
"school_0050","Grundschule Rabenstein in Passeier","https://gs-rabenstein.digitalesregister.it"
"school_0051","Grundschule St. Leonhard","https://gs-stleonhard.digitalesregister.it"
"school_0052","Grundschule Stuls in Passeier","https://gs-stuls.digitalesregister.it"
"school_0053","Grundschule Walten in Passeier","https://gs-walten.digitalesregister.it"
"school_0054","SSP St. Leonhard","https://ssp-stleonhard.digitalesregister.it"
"school_0055","SSP Mühlbach (Grund- und Mittelschulen)","https://ssp-muehlbach.digitalesregister.it"
"school_0056","Grundschulen Sterzing III (Kematen, Mauls, St. Jakob, Stilfes, Trens, Wiesen)","https://gs-sterzing3.digitalesregister.it"
"school_0057","SSP Sterzing 3 (Vigil Raber)","https://schulsprengel-sterzing3.digitalesregister.it"
"school_0058","Grundschulen SSP Terlan","https://gs-sspterlan.digitalesregister.it"
"school_0059","Mittelschule Terlan","https://ms-sspterlan.digitalesregister.it"
"school_0060","Scola Mesana Selva","https://sm-selva.digitalesregister.it"
"school_0061","Scola elementera Urtijei / Runcadic","https://se-urtijei.digitalesregister.it"
"school_0062","Scola mesana Urtijëi","https://sm-urtijei.digitalesregister.it"
"school_0063","Sozialwissenschaftliches Gymnasium Bozen - Fachoberschule für Tourismus","https://sogym-fotour.digitalesregister.it"
"school_0064","SSP Abtei Scora elementara","https://gs-abtei.digitalesregister.it"
"school_0065","Grundschule Ahrntal","https://gs-ahrntal.digitalesregister.it"
"school_0066","Grundschule Luttach / Ahrntal","https://gs-luttach.digitalesregister.it"
"school_0067","Grundschule Prettau / Ahrntal","https://gs-prettau.digitalesregister.it"
"school_0068","Grundschule Steinhaus / Ahrntal","https://gs-steinhaus.digitalesregister.it"
"school_0069","Grundschule St. Jakob / Ahrntal","https://gs-stjakob.digitalesregister.it"
"school_0070","Grundschule St. Johann / Ahrntal","https://gs-stjohann.digitalesregister.it"
"school_0071","Grundschule St. Peter / Ahrntal","https://gs-stpeter.digitalesregister.it"
"school_0072","Grundschule Weissenbach / Ahrntal","https://gs-weissenbach.digitalesregister.it"
"school_0073","SSP Ahrntal","https://ssp-ahrntal.digitalesregister.it"
"school_0074","MS Algund/Partschins","https://ms-algund.digitalesregister.it"
"school_0075","GS Algund","https://gs-algund.digitalesregister.it"
"school_0076","GS Marling","https://gs-marling.digitalesregister.it"
"school_0077","GS Partschins","https://gs-partschins.digitalesregister.it"
"school_0078","GS Rabland","https://gs-rabland.digitalesregister.it"
"school_0079","Grundschule J. H. Pestalozzi (SSP Bozen Europa)","https://gs-bozeneuropa.digitalesregister.it"
"school_0080","Grundschule A. Langer (SSP Bozen Europa)","https://gs-langer.digitalesregister.it"
"school_0081","Mittelschule SSP Bozen Europa (Mittelschule A. Schweitzer)","https://ms-bozeneuropa.digitalesregister.it"
"school_0082","SSP Bruneck 1","https://bruneck1.digitalesregister.it"
"school_0083","Mittelschule Bruneck II","https://meusburger.digitalesregister.it"
"school_0084","Grundschule Frangart","https://gs-frangart.digitalesregister.it"
"school_0085","Grundschule Girlan","https://gs-girlan.digitalesregister.it"
"school_0086","Schulsprengel Eppan","https://ssp-eppan.digitalesregister.it"
"school_0087","Grundschule Gries","https://gs-gries.digitalesregister.it"
"school_0088","Grundschule Innichen","https://gs-innichen.digitalesregister.it"
"school_0089","Grundschule Sexten","https://gs-sexten.digitalesregister.it"
"school_0090","Grundschule Vierschach","https://gs-vierschach.digitalesregister.it"
"school_0091","Grundschule Winnebach","https://gs-winnebach.digitalesregister.it"
"school_0092","SSP Innichen","https://ssp-innichen.digitalesregister.it"
"school_0093","Mittelschule Blumau (SSP Karneid)","https://ms-sspkarneid.digitalesregister.it"
"school_0094","MS Lana","https://ssp-lana.digitalesregister.it"
"school_0095","SSP Lana Grundschulen","https://ssplana-gs.digitalesregister.it"
"school_0096","Grundschule Goldrain","https://gs-goldrain.digitalesregister.it"
"school_0097","Grundschule Kastelbell","https://gs-kastelbell.digitalesregister.it"
"school_0098","Grundschule Latsch","https://gs-latsch.digitalesregister.it"
"school_0099","Grundschule Morter","https://gs-morter.digitalesregister.it"
"school_0100","Grundschule Tarsch","https://gs-tarsch.digitalesregister.it"
"school_0101","Grundschule Tschars","https://gs-tschars.digitalesregister.it"
"school_0102","MS Latsch","https://ms-latsch.digitalesregister.it"
"school_0103","GS Branzoll","https://gs-branzoll.digitalesregister.it"
"school_0104","Grundschule Leifers","https://gs-leifers.digitalesregister.it"
"school_0105","GS Pfatten","https://gs-pfatten.digitalesregister.it"
"school_0106","GS St. Jakob (SSP Leifers)","https://gs-st-jakob.digitalesregister.it"
"school_0107","Mittelschule Leifers","https://ms-leifers.digitalesregister.it"
"school_0108","Mittelschule Mals","https://ms-mals.digitalesregister.it"
"school_0109","Grundschulen SSP Mals","https://sspmals-gs.digitalesregister.it"
"school_0110","Grundschulen SSP Obermais","https://gs-ssp-obermais.digitalesregister.it"
"school_0111","GS Hafling","https://hafling.digitalesregister.it"
"school_0112","SSP Meran Obermais","https://ssp-meran-obermais.digitalesregister.it"
"school_0113","GS Albert Schweitzer","https://gsalbertschweitzer.digitalesregister.it"
"school_0114","Grundschule Burgstall","https://gsburgstall.digitalesregister.it"
"school_0115","Grundschule Franz Tappeiner","https://gsfranztappeiner.digitalesregister.it"
"school_0116","Grundschule Oswald von Wolkenstein Meran","https://gsoswaldvonwolkenstein.digitalesregister.it"
"school_0117","MS Carl Wolf","https://mscarlwolf.digitalesregister.it"
"school_0118","GS Erckert","https://gs-erckert.digitalesregister.it"
"school_0119","SSP Nonsberg Grundschule","https://sspnonsberg-gs.digitalesregister.it"
"school_0120","SSP Nonsberg Mittelschule","https://sspnonsberg-ms.digitalesregister.it"
"school_0121","Grundschule Geiselsberg","https://gs-geiselsberg.digitalesregister.it"
"school_0122","Grundschule Mittertal","https://gs-mittertal.digitalesregister.it"
"school_0123","Grundschule Niederolang","https://gs-niederolang.digitalesregister.it"
"school_0124","Grundschule Niederrasen","https://gs-niederrasen.digitalesregister.it"
"school_0125","Grundschule Niedertal","https://gs-niedertal.digitalesregister.it"
"school_0126","Grundschule Oberolang","https://gs-oberolang.digitalesregister.it"
"school_0127","Grundschule Oberrasen","https://gs-oberrasen.digitalesregister.it"
"school_0128","Mittelschule Olang","https://ssp-olang.digitalesregister.it"
"school_0129","Schulsprengel Ritten","https://ssp-ritten.digitalesregister.it"
"school_0130","Grundschulen im SSP Schlanders","https://gs-schlanders.digitalesregister.it"
"school_0131","Mittelschule Schlanders","https://ms-schlanders.digitalesregister.it"
"school_0132","Grundschulen SSP Schluderns","https://gs-schluderns.digitalesregister.it"
"school_0133","Mittelschule Schluderns","https://ms-schluderns.digitalesregister.it"
"school_0134","Grundschule Saltaus / St. Martin","https://gs-saltaus.digitalesregister.it"
"school_0135","Grundschule St. Martin","https://gs-stm.digitalesregister.it"
"school_0136","Mittelschule St. Martin","https://ssp-stm.digitalesregister.it"
"school_0137","GS Niederdorf","https://gs-niederdorf.digitalesregister.it"
"school_0138","GS Prags","https://gs-prags.digitalesregister.it"
"school_0139","Grundschule Toblach","https://gs-toblach.digitalesregister.it"
"school_0140","GS Wahlen","https://gs-wahlen.digitalesregister.it"
"school_0141","SSP Toblach","https://ssp-toblach.digitalesregister.it"
"school_0142","Grundschule Tramin","https://gs-tramin.digitalesregister.it"
"school_0143","Mittelschule Tramin","https://ssp-tramin.digitalesregister.it"
"school_0144","Grundschule Afing SSP Tschögglberg","https://gs-afing.digitalesregister.it"
"school_0145","Grundschule Flaas SSP Tschögglberg","https://gs-flaas.digitalesregister.it"
"school_0146","Grundschule Jenesien SSP Tschögglberg","https://gs-jenesien.digitalesregister.it"
"school_0147","Grundschule Mölten SSP Tschögglberg","https://gs-moelten.digitalesregister.it"
"school_0148","Grundschule Verschneid SSP Tschögglberg","https://gs-verschneid.digitalesregister.it"
"school_0149","Grundschule Vöran SSP Tschögglberg","https://gs-voeran.digitalesregister.it"
"school_0150","Mittelschule Jenesien","https://ms-jenesien.digitalesregister.it"
"school_0151","Mittelschule Mölten","https://ms-moelten.digitalesregister.it"
"school_0152","Grundschulen im Schulsprengel Ulten","https://gs-ulten.digitalesregister.it"
"school_0153","SSP Ulten","https://ssp-ulten.digitalesregister.it"
"school_0154","Schulsprengel Vintl","https://ssp-vintl.digitalesregister.it"
"school_0155","Mittelschule Welsberg","https://ms-welsberg.digitalesregister.it"
"school_0156","Grundschulen Welsberg","https://ssp-welsberg.digitalesregister.it"
"school_0157","Schulsprengel Sterzing I (Grundschulen in Sterzing, Gossensaß und Innerpflersch)","https://sterzing1.digitalesregister.it"
"school_0158","GS Ahornach","https://gs-ahornach.digitalesregister.it"
"school_0159","GS Lappach","https://gs-lappach.digitalesregister.it"
"school_0160","GS Mühlwald","https://gs-muehlwald.digitalesregister.it"
"school_0161","GS Rein in Taufers","https://gs-reinintaufers.digitalesregister.it"
"school_0162","GS Sand in Taufers","https://gs-sandintaufers.digitalesregister.it"
"school_0163","Mittelschule Sand in Taufers","https://ms-sand.digitalesregister.it"
"school_0164","OSZ Sand in Taufers","https://sz-sand.digitalesregister.it"
"school_0165","TFO Bruneck","https://tfo-bruneck.digitalesregister.it"
"school_0166","TFO Bozen","https://tfobz.digitalesregister.it"
"school_0167","Ursulinen","https://ursulinen.digitalesregister.it"
"school_0168","Vinzentinum","https://vinzentinum.digitalesregister.it"
"school_0169","WFO Bozen","https://wfobz.digitalesregister.it"
"school_0170","WFO Bruneck","https://wfo-bruneck.digitalesregister.it"
"school_0171","WFO Meran","https://wfokafka.digitalesregister.it"
"school_0172","GSP Lana","https://gsp-lana.digitalesregister.it"
"school_0173","Grundschulen im Schulsprengel Laas","https://gs-laas.digitalesregister.it"
"school_0174","Mittelschule Laas","https://ms-laas.digitalesregister.it"
"school_0175","Grundschulsprengel Neumarkt","https://gsp-neumarkt.digitalesregister.it"
"school_0176","Grundschulsprengel Bozen 1 (Goethe, Chini, Wolff)","https://bozen1.digitalesregister.it"
"school_0177","Grundschulsprengel Eppan","https://gspeppan.digitalesregister.it"
"school_0178","Grundschule Kaltern","https://gs-kaltern.digitalesregister.it"
"school_0179","Waldorf WOB Bozen","https://wob.digitalesregister.it"
"school_0180","Mittelschule Kaltern","https://ms-kaltern.digitalesregister.it"
"school_0181","BBZ Bruneck","https://bbz.digitalesregister.it"
"school_0182","Oberbozen (SSP Ritten)","https://oberbozen.digitalesregister.it"
"school_0183","Wangen (SSP Ritten)","https://wangen.digitalesregister.it"
"school_0184","GS Lengmoos (SSP Ritten)","https://lengmoos.digitalesregister.it"
"school_0185","GS Oberinn (SSP Ritten)","https://oberinn.digitalesregister.it"
"school_0186","GS Lengstein (SSP Ritten)","https://lengstein.digitalesregister.it"
"school_0187","Unterinn (SSP Ritten)","https://unterinn.digitalesregister.it"
"school_0188","OSZ Schlanders","https://osz-schlanders.digitalesregister.it"
"school_0189","GS Vinzenz Goller (GSP Brixen)","https://bx-goller.digitalesregister.it"
"school_0190","Mittelschule Oswald von Wolkenstein Brixen","https://mittelschule-brixen.digitalesregister.it"
"school_0191","Mittelschule Naturns","https://ms-naturns.digitalesregister.it"
"school_0192","Grundschule Marling","https://gs-marling.digitalesregister.it"
"school_0193","Mittelschule Peter Rosegger","https://ms-untermais.digitalesregister.it"
"school_0194","Mittelschulen SSP Bozen Stadtzentrum (Aufschnaiter/Egger-Lienz)","https://ms-bozenstadtzentrum.digitalesregister.it"
"school_0195","Grundschule R. Stolz SSP Bozen Stadtzentrum","https://gs-bozenstadtzentrum.digitalesregister.it"
"school_0196","Grundschule Quirein SSP Bozen Stadtzentrum","https://gs-quirein.digitalesregister.it"
"school_0197","Grundschule Partschins","https://gs-partschins.digitalesregister.it"
"school_0198","Grundschulen SSP Naturns","https://gs-naturns.digitalesregister.it"
"school_0199","MS Tirol","https://ms-tirol.digitalesregister.it"
"school_0200","Grunschule Algund","https://gs-algund.digitalesregister.it"
"school_0201","Grundschule Völser Aicha","https://gs-voelseraicha.digitalesregister.it"
"school_0202","Mittelschule Gossensaß","https://ms-goss.digitalesregister.it"
"school_0203","Grundschule Steinegg","https://gs-steinegg.digitalesregister.it"
"school_0204","Grundschule Kardaun","https://gs-kardaun.digitalesregister.it"
"school_0205","Grundschule Karneid","https://gs-karneid.digitalesregister.it"
"school_0206","Grundschule Blumau","https://gs-blumau.digitalesregister.it"
"school_0207","Grundschule Tiers","https://gs-tiers.digitalesregister.it"
"school_0208","Mittelschule K. Fischnaler","https://fischnaler.digitalesregister.it"
"school_0209","Grundschulen Schulsprengel Sterzing 2","https://gs-sterzing2.digitalesregister.it"
"school_0210","Grundschulen SSP Brixen Milland","https://gs-brixenmilland.digitalesregister.it"
"school_0211","Mittelschule Pacher SSP Brixen/Milland","https://ms-brixenmilland.digitalesregister.it"
"school_0212","Grundschulsprengel Vahrn","https://gsp-vahrn.digitalesregister.it"
"school_0213","Grundschule Sinich","https://gs-sinich.digitalesregister.it"
"school_0214","Grundschule Tirol","https://gs-tirol.digitalesregister.it"
"school_0215","Grundschule Deutschnofen","https://gs-deutschnofen.digitalesregister.it"
"school_0216","Grundschule Eggen","https://gs-eggen.digitalesregister.it"
"school_0217","Grundschule Petersberg","https://gs-petersberg.digitalesregister.it"
"school_0218","Grundschule Welschnofen","https://gs-welschnofen.digitalesregister.it"
"school_0219","Grundschule Gummer","https://gs-gummer.digitalesregister.it"
"school_0220","Mittelschule Deutschnofen","https://ms-deutschnofen.digitalesregister.it"
"school_0221","Mittelschule Welschnofen","https://ms-welschnofen.digitalesregister.it"
"school_0222","Grundschule Natz","https://natz.digitalesregister.it"
"school_0223","MS Schenna","https://ms-schenna.digitalesregister.it"
"school_0224","MS Prad","https://ms-prad.digitalesregister.it"
"school_0225","GS Prad (Prad, Lichtenberg, Stilfs)","https://gs-prad.digitalesregister.it"
"school_0226","GS Sulden SSP Prad","https://sulden.digitalesregister.it"
"school_0227","Scola elementera Sëlva y Scola elementera S. Cristina","https://se-selva.digitalesregister.it"
"school_0228","SSP Abtei Scuola media ""Tita Alton""","https://ms-stern.digitalesregister.it"
"school_0229","Mittelschule ""Adalbert Stifter""","https://ms-stifter.digitalesregister.it"
